Workbook

Sheet Dashboard
B2: Habit Tracker Dashboard (2026)
B4: Month | C4: Completion % | D4: Total Done | E4: Total Possible
B5: Aug 2026 | C5: ='Aug 2026'!AJ16 | D5: =COUNTIF('Aug 2026'!D5:AH14,1) | E5: =31*10
B6: Sep 2026 | C6: ='Sep 2026'!AI16 | D6: =COUNTIF('Sep 2026'!D5:AG14,1) | E6: =30*10
B7: Oct 2026 | C7: ='Oct 2026'!AJ16 | D7: =COUNTIF('Oct 2026'!D5:AH14,1) | E7: =31*10
B8: Nov 2026 | C8: ='Nov 2026'!AI16 | D8: =COUNTIF('Nov 2026'!D5:AG14,1) | E8: =30*10
B9: Dec 2026 | C9: ='Dec 2026'!AJ16 | D9: =COUNTIF('Dec 2026'!D5:AH14,1) | E9: =31*10
B11: Overall Completion | C11: =AVERAGE(C5:C10)
B14: Habit | C14: Aug 2026 | D14: Sep 2026 | E14: Oct 2026 | F14: Nov 2026 | G14: Dec 2026
B15: Wake up at 05:00 | C15: ='Aug 2026'!AJ5 | D15: ='Sep 2026'!AI5 | E15: ='Oct 2026'!AJ5 | F15: ='Nov 2026'!AI5 | G15: ='Dec 2026'!AJ5
B16: Gym | C16: ='Aug 2026'!AJ6 | D16: ='Sep 2026'!AI6 | E16: ='Oct 2026'!AJ6 | F16: ='Nov 2026'!AI6 | G16: ='Dec 2026'!AJ6
B17: Stop Watching Porn | C17: ='Aug 2026'!AJ7 | D17: ='Sep 2026'!AI7 | E17: ='Oct 2026'!AJ7 | F17: ='Nov 2026'!AI7 | G17: ='Dec 2026'!AJ7
B18: Reading / Learning | C18: ='Aug 2026'!AJ8 | D18: ='Sep 2026'!AI8 | E18: ='Oct 2026'!AJ8 | F18: ='Nov 2026'!AI8 | G18: ='Dec 2026'!AJ8
B19: Budget Tracking | C19: ='Aug 2026'!AJ9 | D19: ='Sep 2026'!AI9 | E19: ='Oct 2026'!AJ9 | F19: ='Nov 2026'!AI9 | G19: ='Dec 2026'!AJ9
B20: Project Work | C20: ='Aug 2026'!AJ10 | D20: ='Sep 2026'!AI10 | E20: ='Oct 2026'!AJ10 | F20: ='Nov 2026'!AI10 | G20: ='Dec 2026'!AJ10
B21: No Alcohol | C21: ='Aug 2026'!AJ11 | D21: ='Sep 2026'!AI11 | E21: ='Oct 2026'!AJ11 | F21: ='Nov 2026'!AI11 | G21: ='Dec 2026'!AJ11
B22: Social Media Detox | C22: ='Aug 2026'!AJ12 | D22: ='Sep 2026'!AI12 | E22: ='Oct 2026'!AJ12 | F22: ='Nov 2026'!AI12 | G22: ='Dec 2026'!AJ12
B23: Goal Journaling | C23: ='Aug 2026'!AJ13 | D23: ='Sep 2026'!AI13 | E23: ='Oct 2026'!AJ13 | F23: ='Nov 2026'!AI13 | G23: ='Dec 2026'!AJ13
B24: Cold Shower | C24: ='Aug 2026'!AJ14 | D24: ='Sep 2026'!AI14 | E24: ='Oct 2026'!AJ14 | F24: ='Nov 2026'!AI14 | G24: ='Dec 2026'!AJ14
B27: How to use:
B28: 1) Open a month sheet and enter 1 for each habit completed each day.
B29: 2) Leave cells blank for missed habits.
B30: 3) Dashboard updates automatically.

Sheet Aug 2026
B2: My Habits - August 2026
B4: Habit | D4: 1 | E4: 2 | F4: 3 | G4: 4 | H4: 5 | I4: 6 | J4: 7 | K4: 8 | L4: 9 | M4: 10 | N4: 11 | O4: 12 | P4: 13 | Q4: 14 | R4: 15 | S4: 16 | T4: 17 | U4: 18 | V4: 19 | W4: 20 | X4: 21 | Y4: 22 | Z4: 23 | AA4: 24 | AB4: 25 | AC4: 26 | AD4: 27 | AE4: 28 | AF4: 29 | AG4: 30 | AH4: 31 | AJ4: Completion %
B5: Wake up at 05:00 | AJ5: =COUNTIF(D5:AH5,1)/31
B6: Gym | AJ6: =COUNTIF(D6:AH6,1)/31
B7: Stop Watching Porn | AJ7: =COUNTIF(D7:AH7,1)/31
B8: Reading / Learning | AJ8: =COUNTIF(D8:AH8,1)/31
B9: Budget Tracking | AJ9: =COUNTIF(D9:AH9,1)/31
B10: Project Work | AJ10: =COUNTIF(D10:AH10,1)/31
B11: No Alcohol | AJ11: =COUNTIF(D11:AH11,1)/31
B12: Social Media Detox | AJ12: =COUNTIF(D12:AH12,1)/31
B13: Goal Journaling | AJ13: =COUNTIF(D13:AH13,1)/31
B14: Cold Shower | AJ14: =COUNTIF(D14:AH14,1)/31
B16: Daily Completion % | D16: =COUNTIF(D5:D14,1)/10 | E16: =COUNTIF(E5:E14,1)/10 | F16: =COUNTIF(F5:F14,1)/10 | G16: =COUNTIF(G5:G14,1)/10 | H16: =COUNTIF(H5:H14,1)/10 | I16: =COUNTIF(I5:I14,1)/10 | J16: =COUNTIF(J5:J14,1)/10 | K16: =COUNTIF(K5:K14,1)/10 | ... AH16: =COUNTIF(AH5:AH14,1)/10 | AJ16: =AVERAGE(D16:AH16)

Sheet Sep 2026
B2: My Habits - September 2026
B4: Habit | D4: 1 | E4: 2 | F4: 3 | G4: 4 | H4: 5 | I4: 6 | J4: 7 | K4: 8 | L4: 9 | M4: 10 | N4: 11 | O4: 12 | P4: 13 | Q4: 14 | R4: 15 | S4: 16 | T4: 17 | U4: 18 | V4: 19 | W4: 20 | X4: 21 | Y4: 22 | Z4: 23 | AA4: 24 | AB4: 25 | AC4: 26 | AD4: 27 | AE4: 28 | AF4: 29 | AG4: 30 | AI4: Completion %
B5: Wake up at 05:00 | AI5: =COUNTIF(D5:AG5,1)/30
B6: Gym | AI6: =COUNTIF(D6:AG6,1)/30
B7: Stop Watching Porn | AI7: =COUNTIF(D7:AG7,1)/30
B8: Reading / Learning | AI8: =COUNTIF(D8:AG8,1)/30
B9: Budget Tracking | AI9: =COUNTIF(D9:AG9,1)/30
B10: Project Work | AI10: =COUNTIF(D10:AG10,1)/30
B11: No Alcohol | AI11: =COUNTIF(D11:AG11,1)/30
B12: Social Media Detox | AI12: =COUNTIF(D12:AG12,1)/30
B13: Goal Journaling | AI13: =COUNTIF(D13:AG13,1)/30
B14: Cold Shower | AI14: =COUNTIF(D14:AG14,1)/30
B16: Daily Completion % | D16: =COUNTIF(D5:D14,1)/10 | E16: =COUNTIF(E5:E14,1)/10 | F16: =COUNTIF(F5:F14,1)/10 | G16: =COUNTIF(G5:G14,1)/10 | H16: =COUNTIF(H5:H14,1)/10 | I16: =COUNTIF(I5:I14,1)/10 | J16: =COUNTIF(J5:J14,1)/10 | K16: =COUNTIF(K5:K14,1)/10 | ... AG16: =COUNTIF(AG5:AG14,1)/10 | AI16: =AVERAGE(D16:AG16)

Sheet Oct 2026
B2: My Habits - October 2026
B4: Habit | D4: 1 | E4: 2 | F4: 3 | G4: 4 | H4: 5 | I4: 6 | J4: 7 | K4: 8 | L4: 9 | M4: 10 | N4: 11 | O4: 12 | P4: 13 | Q4: 14 | R4: 15 | S4: 16 | T4: 17 | U4: 18 | V4: 19 | W4: 20 | X4: 21 | Y4: 22 | Z4: 23 | AA4: 24 | AB4: 25 | AC4: 26 | AD4: 27 | AE4: 28 | AF4: 29 | AG4: 30 | AH4: 31 | AJ4: Completion %
B5: Wake up at 05:00 | AJ5: =COUNTIF(D5:AH5,1)/31
B6: Gym | AJ6: =COUNTIF(D6:AH6,1)/31
B7: Stop Watching Porn | AJ7: =COUNTIF(D7:AH7,1)/31
B8: Reading / Learning | AJ8: =COUNTIF(D8:AH8,1)/31
B9: Budget Tracking | AJ9: =COUNTIF(D9:AH9,1)/31
B10: Project Work | AJ10: =COUNTIF(D10:AH10,1)/31
B11: No Alcohol | AJ11: =COUNTIF(D11:AH11,1)/31
B12: Social Media Detox | AJ12: =COUNTIF(D12:AH12,1)/31
B13: Goal Journaling | AJ13: =COUNTIF(D13:AH13,1)/31
B14: Cold Shower | AJ14: =COUNTIF(D14:AH14,1)/31
B16: Daily Completion % | D16: =COUNTIF(D5:D14,1)/10 | E16: =COUNTIF(E5:E14,1)/10 | F16: =COUNTIF(F5:F14,1)/10 | G16: =COUNTIF(G5:G14,1)/10 | H16: =COUNTIF(H5:H14,1)/10 | I16: =COUNTIF(I5:I14,1)/10 | J16: =COUNTIF(J5:J14,1)/10 | K16: =COUNTIF(K5:K14,1)/10 | ... AH16: =COUNTIF(AH5:AH14,1)/10 | AJ16: =AVERAGE(D16:AH16)

Sheet Nov 2026
B2: My Habits - November 2026
B4: Habit | D4: 1 | E4: 2 | F4: 3 | G4: 4 | H4: 5 | I4: 6 | J4: 7 | K4: 8 | L4: 9 | M4: 10 | N4: 11 | O4: 12 | P4: 13 | Q4: 14 | R4: 15 | S4: 16 | T4: 17 | U4: 18 | V4: 19 | W4: 20 | X4: 21 | Y4: 22 | Z4: 23 | AA4: 24 | AB4: 25 | AC4: 26 | AD4: 27 | AE4: 28 | AF4: 29 | AG4: 30 | AI4: Completion %
B5: Wake up at 05:00 | AI5: =COUNTIF(D5:AG5,1)/30
B6: Gym | AI6: =COUNTIF(D6:AG6,1)/30
B7: Stop Watching Porn | AI7: =COUNTIF(D7:AG7,1)/30
B8: Reading / Learning | AI8: =COUNTIF(D8:AG8,1)/30
B9: Budget Tracking | AI9: =COUNTIF(D9:AG9,1)/30
B10: Project Work | AI10: =COUNTIF(D10:AG10,1)/30
B11: No Alcohol | AI11: =COUNTIF(D11:AG11,1)/30
B12: Social Media Detox | AI12: =COUNTIF(D12:AG12,1)/30
B13: Goal Journaling | AI13: =COUNTIF(D13:AG13,1)/30
B14: Cold Shower | AI14: =COUNTIF(D14:AG14,1)/30
B16: Daily Completion % | D16: =COUNTIF(D5:D14,1)/10 | E16: =COUNTIF(E5:E14,1)/10 | F16: =COUNTIF(F5:F14,1)/10 | G16: =COUNTIF(G5:G14,1)/10 | H16: =COUNTIF(H5:H14,1)/10 | I16: =COUNTIF(I5:I14,1)/10 | J16: =COUNTIF(J5:J14,1)/10 | K16: =COUNTIF(K5:K14,1)/10 | ... AG16: =COUNTIF(AG5:AG14,1)/10 | AI16: =AVERAGE(D16:AG16)

Sheet Dec 2026
B2: My Habits - December 2026
B4: Habit | D4: 1 | E4: 2 | F4: 3 | G4: 4 | H4: 5 | I4: 6 | J4: 7 | K4: 8 | L4: 9 | M4: 10 | N4: 11 | O4: 12 | P4: 13 | Q4: 14 | R4: 15 | S4: 16 | T4: 17 | U4: 18 | V4: 19 | W4: 20 | X4: 21 | Y4: 22 | Z4: 23 | AA4: 24 | AB4: 25 | AC4: 26 | AD4: 27 | AE4: 28 | AF4: 29 | AG4: 30 | AH4: 31 | AJ4: Completion %
B5: Wake up at 05:00 | AJ5: =COUNTIF(D5:AH5,1)/31
B6: Gym | AJ6: =COUNTIF(D6:AH6,1)/31
B7: Stop Watching Porn | AJ7: =COUNTIF(D7:AH7,1)/31
B8: Reading / Learning | AJ8: =COUNTIF(D8:AH8,1)/31
B9: Budget Tracking | AJ9: =COUNTIF(D9:AH9,1)/31
B10: Project Work | AJ10: =COUNTIF(D10:AH10,1)/31
B11: No Alcohol | AJ11: =COUNTIF(D11:AH11,1)/31
B12: Social Media Detox | AJ12: =COUNTIF(D12:AH12,1)/31
B13: Goal Journaling | AJ13: =COUNTIF(D13:AH13,1)/31
B14: Cold Shower | AJ14: =COUNTIF(D14:AH14,1)/31
B16: Daily Completion % | D16: =COUNTIF(D5:D14,1)/10 | E16: =COUNTIF(E5:E14,1)/10 | F16: =COUNTIF(F5:F14,1)/10 | G16: =COUNTIF(G5:G14,1)/10 | H16: =COUNTIF(H5:H14,1)/10 | I16: =COUNTIF(I5:I14,1)/10 | J16: =COUNTIF(J5:J14,1)/10 | K16: =COUNTIF(K5:K14,1)/10 | ... AH16: =COUNTIF(AH5:AH14,1)/10 | AJ16: =AVERAGE(D16:AH16)
